Isolate	num_23S_copies	copy1_length	copy2_length	copy3_length	copy4_length	copy5_length	copy6_length	copy7_length	copy8_length	copy9_length	copy10_length	copy11_length	copy12_length	copy13_length	copy14_length	copy15_length	copy16_length	copy17_length	copy18_length	copy19_length	copy20_length	copy21_length	copy22_length	copy23_length
1040_wgs_batch2	12	2937	2937.0	2192.0	1513.0	1295.0	1256.0	1197.0	1076.0	1061.0	1009.0	959.0	932.0											
1047_wgs_batch1	4	2937	2937.0	3084.0	1100.0																			
106C_wgs_batch1	3	2937	1020.0	949.0																				
106R_wgs_batch1	7	2937	1351.0	1285.0	971.0	966.0	948.0	926.0																
1077F1TXMT_wgs_batch2	12	2937	1648.0	1472.0	1446.0	1422.0	1320.0	1229.0	1124.0	1004.0	1005.0	997.0	909.0											
1077F1_wgs_batch2	12	2937	1548.0	1405.0	1451.0	1417.0	1372.0	1299.0	1189.0	993.0	1117.0	1009.0	907.0											
1148R_wgs_batch1	3	2937	2937.0	1297.0																				
1148TOCR_wgs_batch1	3	2937	1316.0	886.0																				
1148TOCV_wgs_batch1	3	2937	2937.0	1367.0																				
1148V_wgs_batch1	5	2937	1472.0	1342.0	1185.0	1002.0																		
116C_wgs_batch1	4	2937	2937.0	1331.0	913.0																			
1197_wgs_batch2	10	2937	1621.0	1539.0	1281.0	1169.0	1127.0	1046.0	992.0	988.0	880.0													
1226TXMT_wgs_batch2	9	2937	2937.0	1591.0	1511.0	1500.0	1181.0	1096.0	973.0	902.0														
1239R_wgs_batch2	5	2937	1387.0	1270.0	1016.0	979.0																		
1239_wgs_batch2	12	2937	976.0	1144.0	1054.0	995.0	1029.0	997.0	937.0	921.0	917.0	913.0	888.0											
1245R_wgs_batch2	9	2937	977.0	995.0	1045.0	1040.0	1035.0	1020.0	1013.0	950.0														
1245_wgs_batch2	3	2937	1473.0	1446.0																				
1248R_wgs_batch2	14	2937	1445.0	1341.0	1454.0	1304.0	1180.0	1085.0	1100.0	1024.0	1024.0	976.0	968.0	974.0	934.0									
1251R_wgs_batch2	6	2937	1349.0	1220.0	993.0	1100.0	1018.0																	
1251_wgs_batch2	3	2937	1752.0	1525.0																				
1262_wgs_batch2	18	2937	2937.0	1539.0	1453.0	1416.0	1382.0	1253.0	1207.0	1185.0	1162.0	1154.0	1113.0	1057.0	1001.0	997.0	986.0	950.0	914.0					
1270R_wgs_batch2	16	2937	2937.0	1377.0	1340.0	1101.0	1244.0	1178.0	1133.0	947.0	996.0	1068.0	1047.0	891.0	990.0	940.0	907.0							
1270TXMT_wgs_batch2	4	2937	1564.0	1406.0	902.0																			
1273F1R_wgs_batch2	10	2937	1516.0	1296.0	1289.0	1097.0	1124.0	999.0	954.0	936.0	893.0													
1283_wgs_batch2	8	2937	1456.0	1362.0	1243.0	1218.0	1185.0	1180.0	989.0															
1289R_wgs_batch2	10	2937	1375.0	1383.0	1324.0	1322.0	1343.0	1084.0	897.0	886.0	884.0													
1289TXMT_wgs_batch2	10	2937	1468.0	1392.0	1378.0	1284.0	1161.0	1100.0	1015.0	1003.0	927.0													
1289_wgs_batch2	10	2937	1406.0	1380.0	1450.0	1346.0	1324.0	1211.0	1101.0	995.0	948.0													
1316_wgs_batch2	2	2937	1204.0																					
1330R_wgs_batch2	10	2937	2937.0	1463.0	1434.0	1305.0	1339.0	1066.0	1019.0	962.0	912.0													
1330V_wgs_batch2	7	2937	1501.0	1354.0	1350.0	1204.0	966.0	910.0																
1338V_wgs_batch2	8	2937	2937.0	1645.0	1578.0	1423.0	1430.0	998.0	1038.0															
1350R_wgs_batch2	13	2937	1330.0	1351.0	1248.0	1017.0	1075.0	977.0	997.0	966.0	944.0	937.0	910.0	894.0										
1350V_wgs_batch2	12	2937	2937.0	1549.0	1410.0	1345.0	1325.0	1313.0	1210.0	1175.0	977.0	1001.0	886.0											
1367R_wgs_batch2	12	2937	1366.0	1320.0	1335.0	1249.0	1007.0	973.0	1046.0	977.0	897.0	997.0	920.0											
1367V_wgs_batch2	6	2937	1481.0	1311.0	1269.0	1115.0	925.0																	
1368V_wgs_batch2	3	2937	2937.0	1352.0																				
1383R_wgs_batch2	18	2937	2937.0	1492.0	1451.0	1397.0	1357.0	1391.0	1348.0	1356.0	1266.0	1260.0	1124.0	1049.0	993.0	943.0	931.0	924.0	887.0					
1385R_wgs_batch2	23	2937	1495.0	1523.0	1339.0	1379.0	1287.0	1378.0	1303.0	1267.0	1223.0	1206.0	1184.0	977.0	991.0	1119.0	1019.0	1009.0	986.0	931.0	927.0	920.0	905.0	879.0
1401R_wgs_batch2	15	2937	1300.0	1329.0	977.0	1110.0	1102.0	1060.0	988.0	953.0	1039.0	1035.0	1017.0	973.0	920.0	913.0								
1401V_wgs_batch2	6	2937	1376.0	1002.0	1001.0	960.0	891.0																	
198C_wgs_batch1	2	2937	1142.0																					
198F1C_wgs_batch1	1	2937																						
198F1V_wgs_batch1	1	2937																						
198V_wgs_batch1	1	2937																						
20F3C_wgs_batch1	3	2937	1122.0	995.0																				
226C_wgs_batch1	3	2937	1113.0	952.0																				
226V_wgs_batch1	6	2793	1442.0	1210.0	1178.0	998.0	993.0																	
294_wgs_batch2	9	2937	2937.0	1492.0	1396.0	1389.0	1269.0	1131.0	1124.0	949.0														
342_wgs_batch2	3	2937	2937.0	1315.0																				
521C_wgs_batch1	7	2937	1417.0	1325.0	1213.0	1186.0	1166.0	1003.0																
565C_wgs_batch1	2	2937	1201.0																					
565V_wgs_batch1	3	2937	1306.0	1284.0																				
688F4C_wgs_batch1	3	2937	995.0	1001.0																				
688F4R_wgs_batch1	2	2937	995.0																					
688F4V_wgs_batch1	5	2937	2937.0	1213.0	1165.0	995.0																		
743_wgs_batch2	11	2937	2937.0	1466.0	1343.0	1345.0	1252.0	993.0	1128.0	1061.0	1009.0	889.0												
774C_wgs_batch1	8	2937	1357.0	1287.0	1270.0	1231.0	1215.0	995.0	964.0															
780_wgs_batch2	9	2937	1560.0	1384.0	1482.0	1419.0	958.0	1023.0	952.0	947.0														
783_wgs_batch1	2	2937	1117.0																					
786L_wgs_batch1	1	2937																						
820_wgs_batch2	2	2937	2937.0																					
82C_wgs_batch1	3	2937	2937.0	1340.0																				
830C_wgs_batch1	6	2937	2937.0	1376.0	1313.0	1172.0	993.0																	
830V_wgs_batch1	7	2937	2937.0	1538.0	1193.0	1098.0	1077.0	890.0																
831_wgs_batch2	6	2937	2937.0	1354.0	1335.0	1385.0	1230.0																	
853C_wgs_batch1	5	2937	1475.0	1239.0	1016.0	900.0																		
853V_wgs_batch1	5	2937	2937.0	1563.0	1474.0	1222.0																		
869F2R_wgs_batch1	4	2937	1198.0	1141.0	970.0																			
927F1C_wgs_batch1	1	2937																						
927F1R_wgs_batch1	2	2937	1412.0																					
927F1_wgs_batch2	3	2937	2937.0	1643.0																				
948_wgs_batch2	4	2937	2937.0	1171.0	1011.0																			
951F1C_wgs_batch1	6	2937	1390.0	1354.0	1150.0	1066.0	1000.0																	
951F1_wgs_batch2	12	2937	2937.0	1610.0	1449.0	1297.0	1295.0	1210.0	993.0	1197.0	1098.0	954.0	890.0											
978C_wgs_batch1	1	2937																						
979_wgs_batch2	7	2937	1570.0	1001.0	1057.0	1024.0	975.0	883.0																
A_ref	2	2937	2937.0																					
B-TW-5_wgs_batch2	1	2937																						
B_ref	2	2937	2937.0																					
Ba_ref	2	2937	2937.0																					
C_ref	2	2937	2937.0																					
CtRefBa_wgs_batch1	2	2937	1097.0																					
CtRefG_wgs_batch1	2	2937	1182.0																					
CtRefIa_wgs_batch1	1	2937																						
CtRefJ_wgs_batch1	1	2937																						
CtRefJa_wgs_batch1	1	2937																						
CtRefK_wgs_batch1	1	2937																						
D_ref	2	2937	2937.0																					
Da_ref	2	2937	2937.0																					
E112-11_wgs_batch3	2	2937	1128.0																					
E112-14_wgs_batch3	4	2937	2115.0	1168.0	1034.0																			
E112-18_wgs_batch3	3	2937	2937.0	1239.0																				
E112-19_wgs_batch3	7	2937	2937.0	1476.0	1354.0	1321.0	1341.0	1332.0																
E112-1_wgs_batch3	1	2937																						
E112-20_wgs_batch3	9	2937	1627.0	1407.0	1386.0	1363.0	1296.0	1020.0	981.0	973.0														
E112-21_wgs_batch3	8	2937	2937.0	1390.0	1312.0	1283.0	1001.0	998.0	976.0															
E112-23_wgs_batch3	3	2937	2937.0	1427.0																				
E112-24_wgs_batch3	3	2937	1273.0	993.0																				
E112-25_wgs_batch3	8	2937	1226.0	1164.0	1001.0	1007.0	943.0	897.0	896.0															
E112-27_wgs_batch3	4	2937	2937.0	1452.0	989.0																			
E112-2_wgs_batch3	1	2545																						
E112-30_wgs_batch3	2	2937	1610.0																					
E112-31_wgs_batch3	8	2937	1484.0	1516.0	1388.0	1265.0	1084.0	996.0	980.0															
E112-32_wgs_batch3	6	2937	1429.0	1389.0	1263.0	1234.0	996.0																	
E112-33_wgs_batch3	3	2937	1204.0	1070.0																				
E112-34_wgs_batch3	8	2937	1610.0	1329.0	1302.0	1286.0	1267.0	1090.0	940.0															
E112-35_wgs_batch3	4	2937	2937.0	1277.0	1218.0																			
E112-38_wgs_batch3	4	2937	1443.0	1119.0	1011.0																			
E112-3_wgs_batch3	1	2937																						
E112-41_wgs_batch3	5	2937	2937.0	1365.0	1397.0	1186.0																		
E112-42_wgs_batch3	6	2937	2937.0	1381.0	1248.0	1255.0	1027.0																	
E112-45_wgs_batch3	5	2937	2937.0	1208.0	998.0	972.0																		
E112-46_wgs_batch3	4	2937	2937.0	1416.0	1167.0																			
E112-47_wgs_batch3	3	2937	2937.0	1328.0																				
E112-4_wgs_batch3	2	2937	944.0																					
E112-50_wgs_batch3	3	2937	1623.0	1457.0																				
E112-51_wgs_batch3	5	2937	1338.0	1431.0	1378.0	1004.0																		
E112-52_wgs_batch3	6	2937	2937.0	1503.0	1358.0	1314.0	921.0																	
E112-53_wgs_batch3	8	2937	2937.0	1325.0	1321.0	1224.0	1170.0	1143.0	994.0															
E112-54_wgs_batch3	8	2937	1610.0	1410.0	1452.0	1572.0	1376.0	1153.0	886.0															
E112-55_wgs_batch3	4	2937	1507.0	1280.0	1101.0																			
E112-56_wgs_batch3	2	2937	1454.0																					
E112-58_wgs_batch3	10	2937	1529.0	1480.0	1335.0	1328.0	1267.0	1224.0	1117.0	1116.0	999.0													
E112-59_wgs_batch3	6	2937	1397.0	1268.0	1210.0	1167.0	1094.0																	
E112-5_wgs_batch3	1	2937																						
E112-60_wgs_batch3	9	2937	1540.0	1376.0	1228.0	1167.0	996.0	993.0	951.0	949.0														
E112-62_wgs_batch3	5	2937	1352.0	1424.0	1336.0	925.0																		
E112-65_wgs_batch3	8	2937	2937.0	1283.0	1253.0	1222.0	977.0	993.0	1004.0															
E112-68_wgs_batch3	8	2937	1445.0	1415.0	1279.0	1265.0	1254.0	1037.0	1095.0															
E112-69_wgs_batch3	7	2937	1540.0	1531.0	1309.0	1002.0	972.0	928.0																
E112-6_wgs_batch3	1	2937																						
E112-70_wgs_batch3	1	2937																						
E112-71_wgs_batch3	3	2937	1340.0	1139.0																				
E112-74_wgs_batch3	2	2738	1145.0																					
E112-76_wgs_batch3	3	2937	1323.0	981.0																				
E112-77_wgs_batch3	7	2937	1409.0	1263.0	1320.0	1248.0	1008.0	970.0																
E112-7_wgs_batch3	3	2937	1269.0	1029.0																				
E112-80_wgs_batch3	9	2937	1281.0	1274.0	1259.0	995.0	1065.0	985.0	974.0	959.0														
E112-81_wgs_batch3	13	2937	1460.0	1420.0	1385.0	1096.0	1196.0	1004.0	995.0	1004.0	951.0	945.0	903.0	896.0										
E112-82_wgs_batch3	10	2937	1508.0	1476.0	1375.0	1327.0	1343.0	1356.0	997.0	976.0	1037.0													
E112-83_wgs_batch3	11	2937	1385.0	1231.0	1228.0	1007.0	993.0	974.0	973.0	882.0	934.0	888.0												
E112-84_wgs_batch3	4	2937	1023.0	970.0	921.0																			
E112-85_wgs_batch3	18	2937	2937.0	1419.0	1426.0	1376.0	1300.0	1358.0	1318.0	1312.0	1146.0	1138.0	997.0	980.0	1050.0	882.0	987.0	971.0	956.0					
E112-86_wgs_batch3	9	2937	1432.0	1350.0	1354.0	1117.0	1006.0	976.0	993.0	983.0														
E112-87_wgs_batch3	15	2937	1432.0	1370.0	1418.0	1371.0	1355.0	1082.0	1042.0	1016.0	1008.0	998.0	979.0	974.0	931.0	896.0								
E112-88_wgs_batch3	17	2937	1515.0	1415.0	1237.0	997.0	1082.0	1079.0	1070.0	1041.0	1040.0	1004.0	1002.0	988.0	956.0	884.0	933.0	889.0						
E112-89_wgs_batch3	10	2937	1494.0	1430.0	1388.0	1322.0	1273.0	994.0	1011.0	1006.0	996.0													
E112-8_wgs_batch3	1	2937																						
E112-90_wgs_batch3	11	2937	1509.0	1427.0	1110.0	1281.0	1061.0	998.0	936.0	927.0	898.0	889.0												
E112-91_wgs_batch3	7	2937	1520.0	1450.0	1348.0	1421.0	1317.0	1140.0																
E112-93_wgs_batch3	13	2937	2937.0	1530.0	1447.0	1449.0	1478.0	1275.0	1122.0	976.0	1065.0	1064.0	1051.0	1017.0										
E112-94_wgs_batch3	9	2937	1453.0	1418.0	1414.0	1219.0	1046.0	1003.0	971.0	963.0														
E112-95_wgs_batch3	12	2937	2937.0	1528.0	1480.0	1355.0	1111.0	1244.0	1239.0	1171.0	1142.0	990.0	951.0											
E112-96_wgs_batch3	7	2937	1362.0	1301.0	1111.0	1005.0	976.0	973.0																
E112-9_wgs_batch3	1	2545																						
E_ref	2	2937	2937.0																					
F-IC-Cal-3_wgs_batch2	1	2937																						
F_ref	2	2937	2937.0																					
GCF_000008725.1_ASM872v1_genomic	2	2938	2937.0																					
GCF_000012125.1_ASM1212v1_genomic	2	2937	2937.0																					
GCF_000026905.1_ASM2690v1_genomic	2	2937	2937.0																					
GCF_000026925.1_ASM2692v1_genomic	2	2937	2937.0																					
GCF_000068525.2_ASM6852v2_genomic	2	2937	2937.0																					
GCF_000068585.1_ASM6858v1_genomic	2	2937	2937.0																					
GCF_000092485.1_ASM9248v1_genomic	2	2937	2937.0																					
GCF_000092665.1_ASM9266v1_genomic	2	2937	2937.0																					
GCF_000092685.1_ASM9268v1_genomic	2	2937	2937.0																					
GCF_000092705.1_ASM9270v1_genomic	2	2937	2937.0																					
GCF_000092725.1_ASM9272v1_genomic	2	2937	2937.0																					
GCF_000092745.1_ASM9274v1_genomic	2	2937	2937.0																					
GCF_000092805.1_ASM9280v1_genomic	2	2937	2937.0																					
GCF_000093005.1_ASM9300v1_genomic	2	2937	2937.0																					
GCF_000173475.1_ASM17347v1_genomic	2	2937	2937.0																					
GCF_000173495.1_ASM17349v1_genomic	2	2937	2937.0																					
GCF_000173515.1_ASM17351v1_genomic	2	2937	2937.0																					
GCF_000173535.1_ASM17353v1_genomic	2	2937	2937.0																					
GCF_000174055.1_ASM17405v1_genomic	2	2937	2937.0																					
GCF_000210495.1_ASM21049v1_genomic	2	2937	2937.0																					
GCF_000220105.1_ASM22010v1_genomic	2	2937	2937.0																					
GCF_000226605.1_ASM22660v1_genomic	2	2937	2937.0																					
GCF_000304495.1_Cm_ESW3_genomic	2	2937	2937.0																					
GCF_000304515.1_Cm_FSW4_genomic	2	2937	2937.0																					
GCF_000304535.1_Cm_FSW5_genomic	2	2937	2937.0																					
GCF_000318525.1_ASM31852v2_genomic	2	2937	2937.0																					
GCF_000318565.1_ASM31856v1_genomic	2	2937	2937.0																					
GCF_000318645.1_ASM31864v1_genomic	2	2937	2937.0																					
GCF_000318665.1_ASM31866v1_genomic	2	2937	2937.0																					
GCF_000318765.1_ASM31876v1_genomic	2	2937	2937.0																					
GCF_000318785.1_ASM31878v1_genomic	2	2937	2937.0																					
GCF_000318825.1_ASM31882v1_genomic	2	2937	2937.0																					
GCF_000318845.1_ASM31884v1_genomic	2	2937	2937.0																					
GCF_000318865.1_ASM31886v1_genomic	2	2937	2937.0																					
GCF_000318885.1_ASM31888v1_genomic	2	2937	2937.0																					
GCF_000318905.1_ASM31890v1_genomic	2	2937	2937.0																					
GCF_000318925.1_ASM31892v1_genomic	2	2937	2937.0																					
GCF_000318985.1_ASM31898v1_genomic	2	2937	2937.0																					
GCF_000319105.1_ASM31910v1_genomic	2	2937	2937.0																					
GCF_000319165.1_ASM31916v1_genomic	2	2937	2937.0																					
GCF_000348825.1_ASM34882v1_genomic	2	2937	2937.0																					
GCF_000348845.1_ASM34884v1_genomic	2	2937	2937.0																					
GCF_000364765.1_ASM36476v1_genomic	2	2937	2937.0																					
GCF_000364785.1_ASM36478v1_genomic	2	2937	2937.0																					
GCF_000507225.1_ASM50722v1_genomic	2	2937	2937.0																					
GCF_000590575.1_ASM59057v1_genomic	2	2937	2937.0																					
GCF_000590595.1_ASM59059v1_genomic	2	2937	2937.0																					
GCF_000590615.1_ASM59061v1_genomic	2	2937	2937.0																					
GCF_000590635.1_ASM59063v1_genomic	2	2937	2937.0																					
GCF_000590675.1_ASM59067v1_genomic	2	2937	2937.0																					
GCF_000590695.1_ASM59069v1_genomic	2	2938	2937.0																					
GCF_000590715.1_ASM59071v1_genomic	2	2937	2937.0																					
GCF_000590755.1_ASM59075v1_genomic	2	2937	2937.0																					
GCF_000969785.1_ASM96978v1_genomic	2	2937	2937.0																					
GCF_000969805.1_ASM96980v1_genomic	2	2937	2937.0																					
GCF_000971705.1_ASM97170v1_genomic	2	2937	2937.0																					
GCF_000971725.1_ASM97172v1_genomic	2	2937	2937.0																					
GCF_001183765.1_ASM118376v1_genomic	2	2937	2937.0																					
GCF_001183805.1_ASM118380v1_genomic	2	2937	2937.0																					
GCF_001183825.1_ASM118382v1_genomic	2	2937	2937.0																					
GCF_001183845.1_ASM118384v1_genomic	2	2937	2937.0																					
GCF_001655335.1_ASM165533v1_genomic	2	2937	2937.0																					
GCF_001655375.1_ASM165537v1_genomic	2	2937	2937.0																					
GCF_001655415.1_ASM165541v1_genomic	2	2937	2937.0																					
GCF_001655455.1_ASM165545v1_genomic	2	2937	2937.0																					
GCF_001655495.1_ASM165549v1_genomic	2	2937	2937.0																					
GCF_001655535.1_ASM165553v1_genomic	2	2937	2937.0																					
GCF_001655575.1_ASM165557v1_genomic	2	2937	2937.0																					
GCF_001729845.1_ASM172984v1_genomic	2	2937	2937.0																					
GCF_001729885.1_ASM172988v1_genomic	2	2937	2937.0																					
GCF_002776745.1_ASM277674v1_genomic	2	2937	2937.0																					
GCF_002776795.1_ASM277679v1_genomic	2	2937	2937.0																					
GCF_002776845.1_ASM277684v1_genomic	2	2937	2937.0																					
GCF_002776885.1_ASM277688v1_genomic	2	2937	2937.0																					
GCF_002776915.1_ASM277691v1_genomic	2	2937	2937.0																					
GCF_002776935.1_ASM277693v1_genomic	2	2937	2937.0																					
GCF_002776955.1_ASM277695v1_genomic	2	2937	2937.0																					
GCF_002776975.1_ASM277697v1_genomic	2	2937	2937.0																					
GCF_002776995.1_ASM277699v1_genomic	2	2937	2937.0																					
GCF_002777015.1_ASM277701v1_genomic	2	2937	2937.0																					
GCF_002777035.1_ASM277703v1_genomic	2	2937	2937.0																					
GCF_002777055.1_ASM277705v1_genomic	2	2937	2937.0																					
GCF_002777075.1_ASM277707v1_genomic	2	2937	2937.0																					
GCF_002777095.1_ASM277709v1_genomic	2	2937	2937.0																					
GCF_002777115.1_ASM277711v1_genomic	2	2937	2937.0																					
GCF_025723025.1_ASM2572302v1_genomic	2	2937	2937.0																					
GCF_036285905.1_ASM3628590v1_genomic	2	2937	2937.0																					
G_ref	2	2937	2937.0																					
H-UW4_wgs_batch2	2	2937	1010.0																					
H_ref	2	2937	2705.0																					
I-UW12_wgs_batch2	4	2937	2937.0	926.0	1217.0																			
I_ref	2	2937	2937.0																					
Ia_ref	2	2937	2937.0																					
J_ref	2	2937	2937.0																					
Ja_ref	2	2937	2896.0																					
K_ref	2	2937	2937.0																					
L1_ref	2	2937	2937.0																					
L2_ref	2	2937	2937.0																					
L2a_ref	2	2937	2937.0																					
L2c_ref	2	2937	2937.0																					
L3_ref	2	2937	2937.0																					
M-12_wgs_batch1	2	2937	1388.0																					
Nepal230807_wgs_batch2	1	2937																						
Nepal236207_wgs_batch2	2	2937	2937.0																					
Nepal236405_wgs_batch2	3	2937	2937.0	1088.0																				
Nepal246617_wgs_batch2	2	2937	2937.0																					
Nepal247505_wgs_batch2	2	2937	932.0																					
SAMEA1008240	2	2937	2937.0																					
SAMEA110446707	2	2937	2937.0																					
SAMEA110446711	1	2937																						
SAMEA110446712	2	2937	2937.0																					
SAMEA110446713	2	2937	2937.0																					
SAMEA110446717	2	2937	2937.0																					
SAMEA110446725	1	2937																						
SAMEA110446726	1	2937																						
SAMEA110446729	1	2937																						
SAMEA110446730	1	2937																						
SAMEA110446753	1	2937																						
SAMEA110446763	1	2937																						
SAMEA110446764	1	2937																						
SAMEA110446765	1	2937																						
SAMEA110446766	1	2937																						
SAMEA110446767	1	2937																						
SAMEA112835179	2	2937	2937.0																					
SAMEA112835184	1	2937																						
SAMEA114595112	2	2937	2937.0																					
SAMEA114595113	2	2937	2937.0																					
SAMEA114595290	1	2937																						
SAMEA114595291	3	2937	1226.0	1333.0																				
SAMEA114595292	1	2937																						
SAMEA114595293	2	2937	2937.0																					
SAMEA114595294	2	2937	2937.0																					
SAMEA114595295	3	2937	2937.0	1074.0																				
SAMEA114595296	1	2937																						
SAMEA114595297	4	2937	2937.0	1284.0	1230.0																			
SAMEA114595298	3	2937	1185.0	1155.0																				
SAMEA114595299	4	2937	2937.0	1199.0	1286.0																			
SAMEA114595300	2	2937	2937.0																					
SAMEA114595301	2	2937	2937.0																					
SAMEA114595302	2	2937	2937.0																					
SAMEA114595303	1	2937																						
SAMEA114595304	1	2937																						
SAMEA114595305	4	2937	2937.0	1333.0	1211.0																			
SAMEA114595306	8	2937	2937.0	2903.0	3012.0	1364.0	1457.0	986.0	1011.0															
SAMEA114595307	2	2937	2937.0																					
SAMEA114595308	3	2937	1395.0	886.0																				
SAMEA114595309	3	2045	965.0	1255.0																				
SAMEA114595310	2	2937	1292.0																					
SAMEA114595311	3	2937	2937.0	1558.0																				
SAMEA114595312	2	2937	2937.0																					
SAMEA114595313	3	2045	965.0	1332.0																				
SAMEA114595314	4	2937	2937.0	1264.0	1229.0																			
SAMEA114595315	4	2937	2937.0	2858.0	1559.0																			
SAMEA114595316	5	2937	2937.0	1670.0	1344.0	1321.0																		
SAMEA114595317	9	2937	2937.0	2692.0	1547.0	1277.0	1419.0	1373.0	1008.0	935.0														
SAMEA114595318	2	2937	1287.0																					
SAMEA114595319	4	2937	1417.0	1137.0	1091.0																			
SAMEA114595320	7	2937	1551.0	1317.0	1448.0	1256.0	1214.0	1016.0																
SAMEA114595321	6	2146	2903.0	1428.0	1199.0	969.0	924.0																	
SAMEA114595322	6	2937	2937.0	2903.0	2992.0	1091.0	1060.0																	
SAMEA114595323	3	2937	2937.0	1090.0																				
SAMEA114595324	5	2937	2937.0	1353.0	1139.0	1184.0																		
SAMEA114595325	19	2937	2937.0	1380.0	1582.0	2135.0	2003.0	1644.0	1425.0	1642.0	1419.0	1466.0	1448.0	1332.0	1231.0	1184.0	1083.0	1041.0	1028.0	914.0				
SAMEA114595326	3	2937	2937.0	1421.0																				
SAMEA114595327	5	2937	2937.0	1617.0	1367.0	1052.0																		
SAMEA114595328	2	2937	1327.0																					
SAMEA114595329	4	2937	2937.0	1367.0	1184.0																			
SAMEA114595330	4	2937	2937.0	1448.0	1075.0																			
SAMEA115854159	1	2937																						
SAMEA115854163	2	2937	2937.0																					
SAMEA115854164	2	2937	2937.0																					
SAMEA115854165	2	2937	2937.0																					
SAMEA115854166	2	2937	2937.0																					
SAMEA115854187	2	2937	2937.0																					
SAMEA115854192	1	2937																						
SAMEA115854194	1	2937																						
SAMEA115854195	2	2937	2937.0																					
SAMEA115854202	2	2937	2937.0																					
SAMEA115854205	2	2937	2937.0																					
SAMEA13400468	1	2035																						
SAMEA13400469	1	2937																						
SAMEA13468937	2	2937	2937.0																					
SAMEA13468938	6	2937	2937.0	1261.0	1380.0	1080.0	1082.0																	
SAMEA13468939	4	2937	2937.0	1567.0	1461.0																			
SAMEA13468940	1	2937																						
SAMEA13468941	6	2937	1421.0	1223.0	1479.0	1399.0	1141.0																	
SAMEA13468943	2	2937	2937.0																					
SAMEA13468944	3	2937	958.0	953.0																				
SAMEA13468945	1	2937																						
SAMEA13468946	4	2937	1211.0	1158.0	1117.0																			
SAMEA13468947	2	2937	2937.0																					
SAMEA13468949	1	2937																						
SAMEA13468950	4	2937	2937.0	1309.0	1265.0																			
SAMEA13468952	5	2937	1456.0	1107.0	1271.0	1073.0																		
SAMEA13468953	1	2937																						
SAMEA13468956	7	2937	2937.0	1351.0	1570.0	1312.0	1326.0	1203.0																
SAMEA13468957	2	2937	2937.0																					
SAMEA13468959	1	2937																						
SAMEA13468960	4	2937	2937.0	1268.0	1196.0																			
SAMEA13468962	2	2937	1130.0																					
SAMEA13468963	2	2937	2937.0																					
SAMEA13468964	3	2937	1293.0	1348.0																				
SAMEA13468966	1	2937																						
SAMEA13468967	3	2937	2937.0	1359.0																				
SAMEA13468968	5	2937	2937.0	1453.0	1408.0	1081.0																		
SAMEA13468969	5	2937	2937.0	1461.0	1295.0	1287.0																		
SAMEA13468970	3	2937	2937.0	1484.0																				
SAMEA13468971	2	2937	1367.0																					
SAMEA13468972	6	2937	2937.0	1714.0	1445.0	1201.0	1005.0																	
SAMEA13468973	8	2937	2937.0	1545.0	1142.0	1053.0	1018.0	995.0	973.0															
SAMEA13468974	2	2937	2695.0																					
SAMEA13468975	4	2937	2937.0	1298.0	1333.0																			
SAMEA13468976	2	2937	2818.0																					
SAMEA13468977	4	2937	2937.0	1088.0	955.0																			
SAMEA13468979	3	2937	1398.0	1266.0																				
SAMEA13468980	5	2937	2937.0	1147.0	1176.0	997.0																		
SAMEA13468981	2	2937	1253.0																					
SAMEA1398196	2	2937	2937.0																					
SAMEA1398199	2	2937	2937.0																					
SAMEA1398200	2	2937	2937.0																					
SAMEA1398202	1	2937																						
SAMEA1398203	2	2937	2937.0																					
SAMEA1398205	1	2937																						
SAMEA1398207	2	2937	2937.0																					
SAMEA1398210	2	2937	2937.0																					
SAMEA1398211	2	2937	2937.0																					
SAMEA1398213	2	2937	2937.0																					
SAMEA1398216	2	2937	2937.0																					
SAMEA1398217	1	2937																						
SAMEA1398220	2	2937	2937.0																					
SAMEA1398223	2	2937	2937.0																					
SAMEA1398224	2	2937	2937.0																					
SAMEA1398225	2	2937	2937.0																					
SAMEA1398227	2	2937	2937.0																					
SAMEA1398229	2	2937	2937.0																					
SAMEA1398235	2	2937	2937.0																					
SAMEA1398236	2	2937	2937.0																					
SAMEA1398237	2	2937	2937.0																					
SAMEA1398239	2	2937	2937.0																					
SAMEA1398245	2	2937	2937.0																					
SAMEA1398249	1	2937																						
SAMEA1398250	1	2937																						
SAMEA1398251	2	2937	2937.0																					
SAMEA1398253	2	2937	2937.0																					
SAMEA1398254	2	2937	2937.0																					
SAMEA1398255	2	2937	2937.0																					
SAMEA1398256	2	2937	2937.0																					
SAMEA1398258	1	2937																						
SAMEA1398260	2	2937	2937.0																					
SAMEA1398261	2	2937	2937.0																					
SAMEA1398262	2	2937	2937.0																					
SAMEA1398263	2	2937	2937.0																					
SAMEA1398265	2	2937	2937.0																					
SAMEA1398266	2	2937	2937.0																					
SAMEA1398267	2	2937	2937.0																					
SAMEA1398268	2	2937	2937.0																					
SAMEA1398269	2	2937	2937.0																					
SAMEA1398272	1	2937																						
SAMEA1398275	1	2937																						
SAMEA1398276	2	2937	2937.0																					
SAMEA1398277	2	2937	2937.0																					
SAMEA1398278	2	2937	2937.0																					
SAMEA1398279	2	2937	2937.0																					
SAMEA1398280	1	2937																						
SAMEA1398283	2	2937	2937.0																					
SAMEA1398284	2	2937	2937.0																					
SAMEA1398287	2	2937	2937.0																					
SAMEA1398289	2	2937	2937.0																					
SAMEA1398291	1	2937																						
SAMEA1398292	2	2937	2937.0																					
SAMEA1398294	2	2937	2937.0																					
SAMEA1398295	2	2937	2937.0																					
SAMEA1398297	2	2937	2937.0																					
SAMEA1398298	2	2937	2937.0																					
SAMEA1398303	2	2937	2937.0																					
SAMEA1398305	2	2937	2937.0																					
SAMEA1398308	2	2937	2937.0																					
SAMEA1398309	2	2937	2937.0																					
SAMEA1398310	1	2937																						
SAMEA1398311	2	2937	2937.0																					
SAMEA1398313	2	2937	2937.0																					
SAMEA1398314	2	2937	2937.0																					
SAMEA1398315	2	2937	2937.0																					
SAMEA1398317	2	2937	2937.0																					
SAMEA1398318	2	2937	2937.0																					
SAMEA1398321	2	2937	2937.0																					
SAMEA1398322	2	2937	2937.0																					
SAMEA1398323	2	2937	2937.0																					
SAMEA1398324	2	2937	2937.0																					
SAMEA1398325	2	2937	2937.0																					
SAMEA1398326	1	2937																						
SAMEA1398327	1	2937																						
SAMEA1398329	2	2937	2937.0																					
SAMEA1398331	2	2937	2937.0																					
SAMEA1398332	2	2937	2937.0																					
SAMEA1398333	2	2937	2937.0																					
SAMEA1398334	2	2937	2937.0																					
SAMEA1398338	2	2937	2937.0																					
SAMEA1398339	2	2937	2937.0																					
SAMEA1398340	2	2937	2937.0																					
SAMEA1398341	2	2937	2937.0																					
SAMEA1398343	2	2937	2937.0																					
SAMEA1398344	1	2937																						
SAMEA1398346	2	2937	2937.0																					
SAMEA1398349	2	2937	2937.0																					
SAMEA1398350	1	2937																						
SAMEA1398351	2	2937	2937.0																					
SAMEA1398353	2	2937	2937.0																					
SAMEA1398354	2	2937	2937.0																					
SAMEA1398355	2	2937	2937.0																					
SAMEA1398358	2	2937	2937.0																					
SAMEA1398360	2	2937	2937.0																					
SAMEA1398361	2	2937	2937.0																					
SAMEA1398362	2	2937	2937.0																					
SAMEA1398363	1	2937																						
SAMEA1398364	1	2937																						
SAMEA1398368	2	2937	2937.0																					
SAMEA1398371	2	2937	2937.0																					
SAMEA1398372	2	2937	2937.0																					
SAMEA1398374	2	2937	2937.0																					
SAMEA1398380	2	2937	2937.0																					
SAMEA1398382	2	2937	2937.0																					
SAMEA1398384	2	2937	2937.0																					
SAMEA1398387	2	2937	2937.0																					
SAMEA1398388	2	2937	2937.0																					
SAMEA1398390	2	2937	2937.0																					
SAMEA1398392	2	2937	2937.0																					
SAMEA1398393	2	2937	2937.0																					
SAMEA1398394	2	2937	2937.0																					
SAMEA1398395	2	2937	2937.0																					
SAMEA1398396	1	2937																						
SAMEA1398397	1	2937																						
SAMEA1398398	2	2937	2937.0																					
SAMEA1398402	2	2937	2937.0																					
SAMEA1398406	2	2937	2937.0																					
SAMEA1398407	2	2937	2937.0																					
SAMEA1398408	2	2937	2937.0																					
SAMEA1398409	2	2937	2937.0																					
SAMEA1398412	2	2937	2937.0																					
SAMEA1398415	1	2937																						
SAMEA1398416	1	2937																						
SAMEA1483331	2	2937	2937.0																					
SAMEA1483346	1	2937																						
SAMEA1483350	2	2937	2937.0																					
SAMEA1483353	2	2937	2937.0																					
SAMEA1483357	2	2937	2937.0																					
SAMEA1483361	2	2937	2937.0																					
SAMEA1483366	1	2937																						
SAMEA1483368	2	2937	2937.0																					
SAMEA1483371	1	2937																						
SAMEA1483373	2	2937	2937.0																					
SAMEA1483378	1	2937																						
SAMEA1486567	2	2937	2937.0																					
SAMEA1486569	1	2937																						
SAMEA1486571	1	2937																						
SAMEA1486572	2	2937	2937.0																					
SAMEA1486575	2	2937	2937.0																					
SAMEA1486577	2	2937	1364.0																					
SAMEA1486578	2	2937	924.0																					
SAMEA1527841	2	2937	2937.0																					
SAMEA1527844	2	2937	2937.0																					
SAMEA1527846	2	2937	2937.0																					
SAMEA1527847	2	2937	2937.0																					
SAMEA1527848	2	2937	2937.0																					
SAMEA1527849	2	2937	2937.0																					
SAMEA1527851	2	2937	2937.0																					
SAMEA1527854	2	2937	2937.0																					
SAMEA1527855	1	2937																						
SAMEA1527856	2	2937	2937.0																					
SAMEA1527859	1	2937																						
SAMEA1527861	2	2937	2937.0																					
SAMEA1527862	1	2937																						
SAMEA1527864	2	2937	2937.0																					
SAMEA1527866	2	2937	2937.0																					
SAMEA1527867	2	2937	2937.0																					
SAMEA1527869	2	2937	2937.0																					
SAMEA1527872	2	2937	2937.0																					
SAMEA1527873	2	2937	2937.0																					
SAMEA1527874	1	2937																						
SAMEA1527880	2	2937	2937.0																					
SAMEA1527882	1	2937																						
SAMEA1527883	2	2937	2937.0																					
SAMEA1527885	2	2758	2552.0																					
SAMEA1527887	2	2937	2937.0																					
SAMEA1527888	2	2937	2937.0																					
SAMEA1527891	1	2937																						
SAMEA1527896	2	2937	2937.0																					
SAMEA1527899	2	2937	2937.0																					
SAMEA1527902	2	2937	2937.0																					
SAMEA1527903	2	2937	2937.0																					
SAMEA1527909	2	2937	2937.0																					
SAMEA1527910	2	2937	2937.0																					
SAMEA1527911	2	2937	2937.0																					
SAMEA1527916	2	2937	2937.0																					
SAMEA1527917	2	2937	2937.0																					
SAMEA1527918	2	2937	2937.0																					
SAMEA1527920	2	2937	2937.0																					
SAMEA1527921	2	2937	2937.0																					
SAMEA1527922	2	2937	2937.0																					
SAMEA1527924	2	2937	2937.0																					
SAMEA1527926	2	2937	2937.0																					
SAMEA1527929	2	2937	2937.0																					
SAMEA1527930	2	2937	2937.0																					
SAMEA1527931	2	2937	2937.0																					
SAMEA1527932	2	2937	2937.0																					
SAMEA1527933	2	2937	2937.0																					
SAMEA1527936	2	2937	2937.0																					
SAMEA1527938	2	2937	2937.0																					
SAMEA1527940	2	2937	2937.0																					
SAMEA1527942	2	2937	2937.0																					
SAMEA1527943	2	2937	2937.0																					
SAMEA1559176	2	2937	2937.0																					
SAMEA1559178	2	2937	2937.0																					
SAMEA1559182	2	2937	2937.0																					
SAMEA1559186	1	2937																						
SAMEA1559187	1	2937																						
SAMEA1559188	1	2715																						
SAMEA1559192	2	2937	2937.0																					
SAMEA1559193	2	2937	2937.0																					
SAMEA1559197	2	2937	2937.0																					
SAMEA1559200	2	2937	2937.0																					
SAMEA1559201	2	2937	2937.0																					
SAMEA1559204	2	2937	2937.0																					
SAMEA1559205	2	2937	2937.0																					
SAMEA1559218	2	2937	2937.0																					
SAMEA1559219	2	2937	2937.0																					
SAMEA1559224	2	2937	2937.0																					
SAMEA1559226	2	2937	2937.0																					
SAMEA1559227	2	2937	2937.0																					
SAMEA1559228	2	2937	2937.0																					
SAMEA1559229	2	2937	2937.0																					
SAMEA1559231	2	2937	2937.0																					
SAMEA1559232	2	2937	2937.0																					
SAMEA1559233	1	2937																						
SAMEA1559234	1	2937																						
SAMEA1559235	1	2937																						
SAMEA1559236	2	2937	2937.0																					
SAMEA1559238	2	2937	2937.0																					
SAMEA1559239	1	2937																						
SAMEA1559240	2	2937	2937.0																					
SAMEA1559241	2	2937	2937.0																					
SAMEA1559245	1	2937																						
SAMEA1559246	2	2937	2937.0																					
SAMEA1559249	2	2937	2937.0																					
SAMEA1559256	2	2937	2937.0																					
SAMEA1559257	2	2937	2937.0																					
SAMEA1559259	2	2937	2937.0																					
SAMEA1559260	2	2937	2937.0																					
SAMEA1559264	2	2937	2937.0																					
SAMEA1559265	2	2937	2937.0																					
SAMEA1559272	2	2937	2937.0																					
SAMEA1559273	2	2937	2937.0																					
SAMEA1559276	2	2937	2937.0																					
SAMEA1559277	2	2937	2937.0																					
SAMEA1559280	2	2937	2937.0																					
SAMEA1559282	2	2937	2937.0																					
SAMEA1559283	2	2937	2937.0																					
SAMEA1559285	2	2937	2937.0																					
SAMEA1559286	2	2937	2937.0																					
SAMEA1559287	2	2937	2937.0																					
SAMEA1559288	2	2937	2937.0																					
SAMEA1559289	2	2937	2937.0																					
SAMEA1559293	1	2937																						
SAMEA1559294	2	2937	2937.0																					
SAMEA1559296	2	2937	2937.0																					
SAMEA1559297	2	2937	2937.0																					
SAMEA1559300	2	2937	2937.0																					
SAMEA1559301	2	2937	2937.0																					
SAMEA1559303	2	2937	2937.0																					
SAMEA1559305	2	2937	2937.0																					
SAMEA1559309	2	2937	2937.0																					
SAMEA1559310	2	2937	2937.0																					
SAMEA1559311	2	2937	2937.0																					
SAMEA1559312	2	2937	2937.0																					
SAMEA1559313	2	2937	2937.0																					
SAMEA1559315	2	2937	2937.0																					
SAMEA1559316	2	2937	2937.0																					
SAMEA1903193	1	2937																						
SAMEA1903196	2	2937	2937.0																					
SAMEA1903197	1	2937																						
SAMEA1903200	1	2937																						
SAMEA1903202	2	2937	2937.0																					
SAMEA1903206	1	2937																						
SAMEA1903207	2	2937	2937.0																					
SAMEA1903209	1	2937																						
SAMEA1903212	2	2937	2937.0																					
SAMEA1903218	2	2937	2937.0																					
SAMEA1903219	1	2937																						
SAMEA1903221	1	2937																						
SAMEA1903222	2	2937	2937.0																					
SAMEA1903224	2	2937	2937.0																					
SAMEA1903225	2	2937	2937.0																					
SAMEA1903242	2	2937	2937.0																					
SAMEA1903244	2	2937	2937.0																					
SAMEA1903245	2	2937	2937.0																					
SAMEA1903246	2	2937	2937.0																					
SAMEA1903248	2	2937	2937.0																					
SAMEA1903249	2	2937	2937.0																					
SAMEA1903251	2	2937	2937.0																					
SAMEA1903271	2	2937	2937.0																					
SAMEA1903275	2	2937	2937.0																					
SAMEA1903276	1	2937																						
SAMEA1903277	2	2937	2937.0																					
SAMEA1903278	2	2937	2937.0																					
SAMEA1903279	1	2937																						
SAMEA1903280	1	2937																						
SAMEA1903282	2	2937	2937.0																					
SAMEA1903283	2	2937	2937.0																					
SAMEA1903284	2	2937	2937.0																					
SAMEA1964684	2	2937	2937.0																					
SAMEA1965562	1	2937																						
SAMEA1966468	1	2937																						
SAMEA1972194	5	2937	2937.0	1194.0	1057.0	943.0																		
SAMEA1973232	1	2937																						
SAMEA1973344	2	2937	2937.0																					
SAMEA2019777	12	2937	2937.0	1359.0	1312.0	1237.0	1146.0	1188.0	1177.0	1103.0	981.0	988.0	940.0											
SAMEA2019786	1	2937																						
SAMEA2019789	3	2937	1437.0	1070.0																				
SAMEA2019790	1	2937																						
SAMEA2020003	2	2937	2937.0																					
SAMEA2020005	3	2937	2937.0	2453.0																				
SAMEA2020006	15	2937	2901.0	1938.0	1420.0	1542.0	1507.0	1509.0	1424.0	1228.0	1097.0	1187.0	1144.0	1112.0	1076.0	956.0								
SAMEA2020168	2	2937	2937.0																					
SAMEA2020170	3	2937	1357.0	1180.0																				
SAMEA2020175	3	2937	2937.0	1409.0																				
SAMEA2020176	3	2025	965.0	1051.0																				
SAMEA2020177	1	2937																						
SAMEA2030078	2	2937	2937.0																					
SAMEA2030079	2	2937	2937.0																					
SAMEA2044000	4	2937	1924.0	1164.0	918.0																			
SAMEA2044006	2	2937	2937.0																					
SAMEA2044010	2	2937	1130.0																					
SAMEA2044016	1	2937																						
SAMEA2044983	5	2937	2937.0	1163.0	993.0	980.0																		
SAMEA2044987	2	2937	2937.0																					
SAMEA2045102	1	2937																						
SAMEA2045105	1	2937																						
SAMEA2045109	1	2937																						
SAMEA2045111	3	2937	1302.0	1076.0																				
SAMEA2045113	3	2937	2937.0	1047.0																				
SAMEA2045116	4	2937	2937.0	1353.0	1177.0																			
SAMEA2045117	1	2937																						
SAMEA2045119	3	2937	1407.0	976.0																				
SAMEA2045120	2	2937	2937.0																					
SAMEA2045121	1	2937																						
SAMEA2045255	1	2937																						
SAMEA2045256	1	2937																						
SAMEA2045257	1	2937																						
SAMEA2045260	3	2937	2937.0	974.0																				
SAMEA2045696	2	2937	1079.0																					
SAMEA2045697	1	2937																						
SAMEA2045703	3	2937	1450.0	1361.0																				
SAMEA2045704	2	2937	1015.0																					
SAMEA2045708	3	2937	1448.0	986.0																				
SAMEA2045709	4	2937	1362.0	1042.0	1027.0																			
SAMEA2045816	1	2937																						
SAMEA2045817	1	2937																						
SAMEA2045818	1	2937																						
SAMEA2045819	3	2937	1411.0	1289.0																				
SAMEA2045820	1	2937																						
SAMEA2046008	3	2937	1414.0	1131.0																				
SAMEA2046087	3	2937	1444.0	1286.0																				
SAMEA2046096	3	2937	1440.0	972.0																				
SAMEA2046097	7	2937	1493.0	1494.0	1390.0	1298.0	1284.0	1120.0																
SAMEA2046098	1	2937																						
SAMEA2046099	1	2937																						
SAMEA2046149	1	2937																						
SAMEA2046150	1	2937																						
SAMEA2046151	1	2937																						
SAMEA2046152	1	2937																						
SAMEA2046154	1	2937																						
SAMEA2046155	1	2937																						
SAMEA2046156	2	2937	1181.0																					
SAMEA2046243	1	2937																						
SAMEA2046244	7	2937	1283.0	1221.0	988.0	983.0	973.0	928.0																
SAMEA2046245	4	2937	1061.0	1048.0	1025.0																			
SAMEA2046246	3	2937	1249.0	980.0																				
SAMEA2046317	4	2937	1438.0	1185.0	1172.0																			
SAMEA2046318	5	2937	1470.0	1287.0	985.0	879.0																		
SAMEA2046323	1	2937																						
SAMEA2046325	3	2725	1379.0	1154.0																				
SAMEA2046326	2	2937	1311.0																					
SAMEA2046333	1	2937																						
SAMEA2046410	1	2937																						
SAMEA2046411	2	1733	1192.0																					
SAMEA2046412	3	2937	1339.0	1048.0																				
SAMEA2046413	3	2937	1447.0	1230.0																				
SAMEA2046415	1	2937																						
SAMEA2046416	1	2937																						
SAMEA2046417	1	2937																						
SAMEA2046418	1	2937																						
SAMEA2046419	1	2937																						
SAMEA2046420	2	2937	996.0																					
SAMEA2046421	3	2937	1217.0	1032.0																				
SAMEA2073077	2	2937	2937.0																					
SAMEA2073078	2	2937	2937.0																					
SAMEA2073079	1	2937																						
SAMEA2073080	2	2937	2937.0																					
SAMEA2073081	2	2937	2937.0																					
SAMEA2073082	2	2937	2937.0																					
SAMEA2073083	2	2937	2937.0																					
SAMEA2073084	2	2937	2937.0																					
SAMEA2073085	2	2937	2937.0																					
SAMEA2073103	2	2937	2937.0																					
SAMEA2073104	1	2035																						
SAMEA2073105	2	2937	2937.0																					
SAMEA2073106	2	2937	2937.0																					
SAMEA2073107	2	2937	2937.0																					
SAMEA2073108	1	2035																						
SAMEA2073109	2	2937	2937.0																					
SAMEA2073110	2	2937	2937.0																					
SAMEA2073111	2	2937	2937.0																					
SAMEA2073237	2	2937	2937.0																					
SAMEA2073238	2	2937	2937.0																					
SAMEA2073239	2	2937	2937.0																					
SAMEA2073240	1	2937																						
SAMEA2073241	2	2937	2937.0																					
SAMEA2073242	2	2937	2937.0																					
SAMEA2073243	2	2937	2937.0																					
SAMEA2073244	2	2937	2937.0																					
SAMEA2073245	2	2937	2937.0																					
SAMEA2073246	2	2937	2937.0																					
SAMEA2073247	2	2937	2937.0																					
SAMEA2073248	2	2937	2937.0																					
SAMEA2073284	2	2937	2937.0																					
SAMEA2188976	1	2937																						
SAMEA2188978	1	2937																						
SAMEA2188979	1	2937																						
SAMEA2188980	1	2937																						
SAMEA2188981	2	2937	2937.0																					
SAMEA2188982	2	2937	2937.0																					
SAMEA2188983	1	2937																						
SAMEA2188985	1	2937																						
SAMEA2188987	1	2937																						
SAMEA2188988	1	2937																						
SAMEA2188989	2	2937	2937.0																					
SAMEA2188990	2	2937	2937.0																					
SAMEA2188991	1	2937																						
SAMEA2188992	1	2937																						
SAMEA2188993	1	2937																						
SAMEA2188994	2	2937	2937.0																					
SAMEA2188997	2	2937	2937.0																					
SAMEA2188998	2	2937	2937.0																					
SAMEA2189000	2	2937	2937.0																					
SAMEA2189001	2	2937	2937.0																					
SAMEA2189002	2	2937	2937.0																					
SAMEA2189003	2	2937	2937.0																					
SAMEA2189004	1	2937																						
SAMEA2189005	2	2937	2937.0																					
SAMEA2189006	2	2937	2937.0																					
SAMEA2189007	1	2937																						
SAMEA2189008	2	2937	2937.0																					
SAMEA2189009	1	2937																						
SAMEA2189010	1	2937																						
SAMEA2189011	2	2937	2937.0																					
SAMEA2189013	2	2937	2937.0																					
SAMEA2189014	2	2937	2937.0																					
SAMEA2189015	2	2937	2937.0																					
SAMEA2189016	1	2937																						
SAMEA2189017	2	2937	2937.0																					
SAMEA2189018	1	2937																						
SAMEA2189019	1	2937																						
SAMEA2189023	1	2937																						
SAMEA2189025	1	2937																						
SAMEA2189030	1	2937																						
SAMEA2189032	1	2937																						
SAMEA2189033	1	2937																						
SAMEA2189041	2	2937	2937.0																					
SAMEA2189045	1	2937																						
SAMEA2189049	1	2937																						
SAMEA2189051	2	2937	2937.0																					
SAMEA2189052	2	2937	2937.0																					
SAMEA2189063	1	2937																						
SAMEA2189067	1	2937																						
SAMEA2191813	2	2937	2937.0																					
SAMEA2191819	2	2937	2937.0																					
SAMEA2191820	1	2937																						
SAMEA2191821	1	2937																						
SAMEA2191823	1	2937																						
SAMEA2191824	2	2937	2937.0																					
SAMEA2191825	2	2937	2937.0																					
SAMEA2191826	1	2937																						
SAMEA2191827	1	2937																						
SAMEA2191828	2	2937	2937.0																					
SAMEA2191829	2	2937	2937.0																					
SAMEA2203707	5	2937	2937.0	1111.0	1468.0	1304.0																		
SAMEA2203708	9	2937	1089.0	1537.0	1515.0	1314.0	1248.0	1001.0	973.0	967.0														
SAMEA2203709	6	2937	2937.0	1442.0	1112.0	980.0	936.0																	
SAMEA2203710	3	2937	2937.0	1026.0																				
SAMEA2203711	7	2937	1203.0	1458.0	1143.0	1024.0	1001.0	979.0																
SAMEA2203712	7	2937	1341.0	1385.0	1195.0	1292.0	1271.0	1115.0																
SAMEA2203713	7	2937	1485.0	1260.0	1358.0	1150.0	1081.0	1013.0																
SAMEA2203714	2	2937	954.0																					
SAMEA2203715	3	2937	2937.0	1005.0																				
SAMEA2203716	2	2937	982.0																					
SAMEA2203717	3	2937	1346.0	965.0																				
SAMEA2203718	15	2937	2937.0	1357.0	1572.0	1543.0	1390.0	1438.0	1356.0	1157.0	1222.0	1152.0	1127.0	1096.0	1006.0	916.0								
SAMEA2203719	12	2937	2937.0	1255.0	1528.0	1521.0	1400.0	1341.0	1303.0	1247.0	1179.0	1161.0	1135.0											
SAMEA2203721	13	2937	2899.0	1266.0	1311.0	1338.0	1339.0	1295.0	1304.0	1113.0	1051.0	1045.0	999.0	959.0										
SAMEA2203723	2	2937	2937.0																					
SAMEA2203724	6	2937	1323.0	1243.0	1109.0	1058.0	1033.0																	
SAMEA2203725	3	2937	1180.0	1050.0																				
SAMEA2203727	3	2937	1422.0	1493.0																				
SAMEA2203731	4	2937	2937.0	1496.0	1297.0																			
SAMEA2203732	12	2027	1480.0	1462.0	1391.0	1399.0	965.0	1356.0	1237.0	1156.0	1067.0	1099.0	975.0											
SAMEA2203733	3	2937	973.0	934.0																				
SAMEA2203736	4	2937	2937.0	1394.0	998.0																			
SAMEA2203737	4	2937	2937.0	1461.0	1326.0																			
SAMEA2203738	3	2937	2937.0	1011.0																				
SAMEA2203739	7	2937	2937.0	2900.0	1537.0	1261.0	1248.0	1155.0																
SAMEA2203740	16	2937	1511.0	2901.0	2457.0	1260.0	1802.0	1499.0	1476.0	1313.0	1422.0	1399.0	1281.0	1193.0	1118.0	960.0	968.0							
SAMEA2203741	1	2937																						
SAMEA2203743	3	2937	1419.0	965.0																				
SAMEA2203744	3	2937	1351.0	964.0																				
SAMEA2203745	4	2937	2937.0	1481.0	1122.0																			
SAMEA2203746	6	2937	1517.0	1262.0	1102.0	1058.0	1044.0																	
SAMEA2203750	5	2937	2937.0	1210.0	1004.0	961.0																		
SAMEA2203752	2	2338	914.0																					
SAMEA2203754	6	2937	1422.0	1404.0	1182.0	1001.0	932.0																	
SAMEA2223604	3	2937	1470.0	1360.0																				
SAMEA2223605	6	2937	2937.0	1395.0	1282.0	1277.0	1037.0																	
SAMEA2223606	2	2937	2900.0																					
SAMEA2223607	5	2937	2937.0	1940.0	1188.0	1037.0																		
SAMEA2223608	3	2937	2532.0	1233.0																				
SAMEA2223609	3	2937	1461.0	1153.0																				
SAMEA2223610	6	2937	1531.0	1395.0	1171.0	1029.0	1013.0																	
SAMEA2223611	1	2937																						
SAMEA2223612	1	2937																						
SAMEA2223613	3	2937	1442.0	1410.0																				
SAMEA2223615	3	2937	1950.0	1005.0																				
SAMEA2223617	1	2937																						
SAMEA2223618	6	2937	2937.0	1467.0	1331.0	1067.0	1031.0																	
SAMEA2223620	2	2937	2900.0																					
SAMEA2223621	17	2937	2895.0	2842.0	1146.0	2229.0	1399.0	1521.0	1505.0	1413.0	1476.0	1427.0	1265.0	1286.0	1255.0	1155.0	1104.0	1041.0						
SAMEA2223623	1	2937																						
SAMEA2223624	6	2937	2937.0	1240.0	1170.0	982.0	954.0																	
SAMEA2223625	6	2937	1518.0	1126.0	1092.0	1040.0	1009.0																	
SAMEA2223627	8	2937	2928.0	1313.0	1231.0	1214.0	1049.0	962.0	949.0															
SAMEA2223628	2	2027	965.0																					
SAMEA2223629	4	2937	1384.0	1073.0	1049.0																			
SAMEA2223632	1	2937																						
SAMEA2223633	1	2937																						
SAMEA2223634	5	2937	2937.0	1208.0	1095.0	939.0																		
SAMEA2223635	2	2937	2937.0																					
SAMEA2223636	13	2027	1503.0	1413.0	965.0	1323.0	1304.0	1288.0	1146.0	1256.0	1149.0	1122.0	1031.0	997.0										
SAMEA2223638	1	2937																						
SAMEA2223639	6	2937	1083.0	1819.0	1366.0	992.0	884.0																	
SAMEA2223640	2	2937	1340.0																					
SAMEA2223641	5	2937	1476.0	1302.0	1289.0	913.0																		
SAMEA2223642	1	2937																						
SAMEA2223643	4	2937	2937.0	1457.0	1176.0																			
SAMEA2223644	3	2937	1445.0	1316.0																				
SAMEA2223646	2	2937	2937.0																					
SAMEA2223647	2	2937	2937.0																					
SAMEA2223648	4	2937	2937.0	1108.0	1035.0																			
SAMEA2223649	14	2937	1387.0	1498.0	1405.0	1379.0	1265.0	1190.0	1054.0	1079.0	995.0	985.0	963.0	958.0	885.0									
SAMEA2259342	2	2937	2937.0																					
SAMEA2259343	2	2937	2937.0																					
SAMEA2259344	2	2937	2937.0																					
SAMEA2259345	2	2937	2937.0																					
SAMEA2259346	2	2937	2937.0																					
SAMEA2259347	2	2937	2937.0																					
SAMEA2259348	2	2937	2937.0																					
SAMEA2259349	2	2937	2937.0																					
SAMEA2259350	2	2937	2937.0																					
SAMEA2259351	2	2937	2937.0																					
SAMEA2259352	2	2937	2937.0																					
SAMEA2259353	2	2937	2937.0																					
SAMEA2259354	2	2937	2937.0																					
SAMEA2259355	2	2937	2937.0																					
SAMEA2259356	1	2937																						
SAMEA2259357	1	2937																						
SAMEA2259358	1	2937																						
SAMEA2259359	1	2937																						
SAMEA2444268	1	2937																						
SAMEA2444270	1	2937																						
SAMEA2444275	2	2937	2937.0																					
SAMEA2444276	2	2937	2937.0																					
SAMEA2444283	3	2937	1491.0	1293.0																				
SAMEA2444284	3	2937	2937.0	2900.0																				
SAMEA2444285	11	2937	1270.0	1547.0	1384.0	1369.0	1308.0	1057.0	1015.0	1014.0	996.0	878.0												
SAMEA2444286	2	2937	2937.0																					
SAMEA2444290	1	2937																						
SAMEA2444293	7	2937	2937.0	1424.0	1407.0	1303.0	1163.0	1008.0																
SAMEA2444298	4	2937	2937.0	1973.0	982.0																			
SAMEA2444299	1	2937																						
SAMEA2444304	5	2937	2937.0	1146.0	973.0	952.0																		
SAMEA2444306	2	2937	2937.0																					
SAMEA2444307	3	2937	1479.0	1380.0																				
SAMEA2444312	2	2937	2937.0																					
SAMEA2444315	2	2937	2937.0																					
SAMEA2444320	2	2937	2937.0																					
SAMEA2444330	1	2937																						
SAMEA2444331	8	2937	1467.0	1383.0	1286.0	1242.0	1048.0	966.0	947.0															
SAMEA2444333	2	2937	2937.0																					
SAMEA2444338	4	2027	1981.0	965.0	982.0																			
SAMEA2444339	3	2937	2937.0	2427.0																				
SAMEA2444341	4	2937	2937.0	1463.0	1343.0																			
SAMEA2444343	1	2937																						
SAMEA2444345	4	2937	2937.0	1514.0	1175.0																			
SAMEA2444346	4	2937	2937.0	1399.0	996.0																			
SAMEA2444347	2	2937	2937.0																					
SAMEA2444348	8	2937	2900.0	1178.0	1257.0	1255.0	1179.0	1016.0	989.0															
SAMEA2444349	2	2937	2937.0																					
SAMEA2444353	3	2937	1494.0	1329.0																				
SAMEA2444358	2	2937	2937.0																					
SAMEA2444362	9	2937	2937.0	1099.0	1538.0	1437.0	1446.0	1138.0	1076.0	918.0														
SAMEA2444363	8	2937	2937.0	1114.0	1527.0	1174.0	1017.0	1010.0	915.0															
SAMEA2444366	9	2937	2937.0	1209.0	1474.0	1406.0	1280.0	1219.0	1065.0	1014.0														
SAMEA2444367	2	2937	2937.0																					
SAMEA2444368	8	2937	1270.0	1388.0	1396.0	1093.0	1084.0	999.0	1061.0															
SAMEA2444369	7	2937	2937.0	1341.0	1361.0	1247.0	1194.0	929.0																
SAMEA2444370	5	2937	2937.0	1128.0	960.0	927.0																		
SAMEA2444371	12	2937	2937.0	1124.0	1355.0	1415.0	1280.0	1169.0	1141.0	988.0	965.0	987.0	977.0											
SAMEA2444372	3	2937	2937.0	1003.0																				
SAMEA2444373	3	2937	2937.0	1017.0																				
SAMEA2444374	4	2937	2937.0	1146.0	993.0																			
SAMEA2444375	13	2027	1247.0	1383.0	2653.0	1526.0	1457.0	1445.0	965.0	1234.0	1071.0	1015.0	1010.0	953.0										
SAMEA2444376	4	2936	2936.0	1481.0	1349.0																			
SAMEA2444378	2	2937	2937.0																					
SAMEA2586413	10	2937	1506.0	1464.0	1376.0	1251.0	1050.0	1101.0	1029.0	997.0	935.0													
SAMEA2586505	1	2937																						
SAMEA2586591	1	2937																						
SAMEA2633683	6	2937	2937.0	1083.0	1047.0	1045.0	977.0																	
SAMEA2633684	6	2937	2937.0	1388.0	1441.0	1145.0	999.0																	
SAMEA2633689	3	2937	1428.0	1020.0																				
SAMEA3276961	2	2937	2937.0																					
SAMEA3276962	2	2937	2937.0																					
SAMEA3276964	2	2937	2937.0																					
SAMEA3276965	2	2937	2937.0																					
SAMEA3276966	2	2937	2937.0																					
SAMEA3348845	2	2937	2937.0																					
SAMEA3348846	1	2937																						
SAMEA3348847	2	2937	2937.0																					
SAMEA3348848	1	2937																						
SAMEA3348849	1	2937																						
SAMEA3348850	2	2937	2937.0																					
SAMEA3445236	1	2937																						
SAMEA3450115	1	2937																						
SAMEA3450116	1	2937																						
SAMEA3450117	1	2937																						
SAMEA3450118	1	2937																						
SAMEA3450119	1	2937																						
SAMEA3450120	1	2937																						
SAMEA3721524	2	2937	2937.0																					
SAMEA3721525	2	2937	2937.0																					
SAMEA3721526	1	2937																						
SAMEA3721527	2	2937	2937.0																					
SAMEA3859873	1	2937																						
SAMEA3859874	1	2937																						
SAMEA3859875	2	2937	2937.0																					
SAMEA3859876	2	2937	2937.0																					
SAMEA3859877	1	2937																						
SAMEA3859878	1	2937																						
SAMEA3859879	1	2937																						
SAMEA3859880	1	2937																						
SAMEA3859881	2	2937	2937.0																					
SAMEA3859883	2	2937	2937.0																					
SAMEA3859884	2	2937	2937.0																					
SAMEA3859885	2	2937	2937.0																					
SAMEA3859886	2	2937	2937.0																					
SAMEA3859887	2	2937	2937.0																					
SAMEA3859888	2	2937	2937.0																					
SAMEA3859889	1	2937																						
SAMEA3859893	1	2937																						
SAMEA3859894	1	2937																						
SAMEA3859895	1	2937																						
SAMEA3859896	2	2937	2937.0																					
SAMEA3859897	2	2937	2937.0																					
SAMEA3859899	2	2937	2937.0																					
SAMEA3859900	2	2937	2937.0																					
SAMEA3859904	2	2937	2937.0																					
SAMEA3859905	1	2937																						
SAMEA3859906	1	2937																						
SAMEA3859909	1	2937																						
SAMEA3859915	1	2937																						
SAMEA3859916	1	2937																						
SAMEA3859917	1	2937																						
SAMEA3859922	2	2937	2937.0																					
SAMEA3859926	1	2937																						
SAMEA3859927	2	2937	2937.0																					
SAMEA3859928	2	2937	2937.0																					
SAMEA3859930	1	2937																						
SAMEA3859931	2	2937	2937.0																					
SAMEA3859933	1	2937																						
SAMEA3859936	2	2937	2937.0																					
SAMEA3859937	2	2937	2937.0																					
SAMEA3859939	1	2937																						
SAMEA3859940	1	2937																						
SAMEA3859941	1	2937																						
SAMEA3859942	1	2937																						
SAMEA3859943	2	2937	2937.0																					
SAMEA3859944	2	2937	2937.0																					
SAMEA3859945	1	2937																						
SAMEA3859946	1	2937																						
SAMEA3859947	1	2937																						
SAMEA3859949	2	2937	2937.0																					
SAMEA3859950	2	2937	2937.0																					
SAMEA3859951	4	2937	1352.0	1042.0	1040.0																			
SAMEA5570247	1	2937																						
SAMEA5570248	1	2937																						
SAMEA5570249	2	2937	2937.0																					
SAMEA5570251	1	2937																						
SAMEA5570252	2	2937	2937.0																					
SAMEA5570253	2	2937	2937.0																					
SAMEA5571957	1	2937																						
SAMEA5571958	2	2937	2937.0																					
SAMEA5571959	5	2937	2652.0	1314.0	1271.0	1264.0																		
SAMEA5571960	3	2937	2937.0	1331.0																				
SAMEA5571961	8	2937	2937.0	1267.0	1471.0	1215.0	1157.0	1116.0	1177.0															
SAMEA5571962	4	2937	2937.0	1084.0	1065.0																			
SAMEA5571963	5	2937	2937.0	1670.0	1433.0	1018.0																		
SAMEA5571964	4	2937	2937.0	1272.0	1369.0																			
SAMEA5571965	5	2937	2937.0	1222.0	996.0	924.0																		
SAMEA5571966	3	2937	2901.0	1125.0																				
SAMEA5571967	2	2937	2659.0																					
SAMEA5571968	3	2937	2903.0	2749.0																				
SAMEA6872265	1	2937																						
SAMEA6872266	4	2937	2937.0	2106.0	1149.0																			
SAMEA6872267	2	2937	2937.0																					
SAMEA6872268	3	2937	2937.0	1452.0																				
SAMEA6872272	1	2937																						
SAMEA6872276	3	2937	1416.0	1246.0																				
SAMEA6872278	2	2937	1316.0																					
SAMEA6872279	1	2937																						
SAMEA6872281	1	2937																						
SAMEA6872282	2	2937	1413.0																					
SAMEA6872283	2	2937	1198.0																					
SAMEA6872284	1	2937																						
SAMEA6872285	1	2937																						
SAMEA6872286	5	2937	1297.0	1165.0	1024.0	936.0																		
SAMEA6872287	1	2937																						
SAMEA6872288	2	2937	1263.0																					
SAMEA6872289	3	2937	1206.0	1114.0																				
SAMEA6872290	2	2937	2937.0																					
SAMEA6872291	1	2937																						
SAMEA6872292	1	2937																						
SAMEA6872293	2	2937	2937.0																					
SAMEA6872294	1	2937																						
SAMEA6872296	1	2937																						
SAMEA6872297	1	2937																						
SAMEA6872298	2	2937	2937.0																					
SAMEA6872299	1	2937																						
SAMEA6872300	1	2937																						
SAMEA6872301	2	2937	2937.0																					
SAMEA6872302	1	2937																						
SAMEA6872303	2	2937	1100.0																					
SAMEA6872304	1	2937																						
SAMEA6872305	1	2937																						
SAMEA6872306	2	2937	2937.0																					
SAMEA6872307	1	2937																						
SAMEA6872308	1	2937																						
SAMEA6872309	2	1600	1336.0																					
SAMEA6872310	1	2937																						
SAMEA6872311	1	2937																						
SAMEA6872312	2	2937	2937.0																					
SAMEA6872313	1	2937																						
SAMEA6872314	2	2937	909.0																					
SAMEA6872315	1	2937																						
SAMEA6872316	1	2937																						
SAMEA6872317	2	2937	1051.0																					
SAMEA6872318	1	2937																						
SAMEA6872319	1	2937																						
SAMEA6872320	1	2937																						
SAMEA6872321	2	2937	1323.0																					
SAMEA6872322	2	2937	1151.0																					
SAMEA6872324	1	2937																						
SAMEA6872325	2	2937	2937.0																					
SAMEA6872326	3	2937	1459.0	1409.0																				
SAMEA6872327	4	2937	1235.0	1094.0	1030.0																			
SAMEA6872328	1	2937																						
SAMEA6872329	1	2937																						
SAMEA6872330	2	2937	2937.0																					
SAMEA6872331	2	2937	2937.0																					
SAMEA6872332	1	2937																						
SAMEA6872333	3	2937	1294.0	1240.0																				
SAMEA6872334	2	2937	2937.0																					
SAMEA6872335	1	2937																						
SAMEA6872336	3	2937	1435.0	935.0																				
SAMEA6872337	1	2937																						
SAMEA6872338	1	2937																						
SAMEA6872339	1	2937																						
SAMEA6872340	1	2937																						
SAMEA6872341	2	2937	2937.0																					
SAMEA6872342	1	2937																						
SAMEA6872343	2	2937	2937.0																					
SAMEA6872344	2	2937	2937.0																					
SAMEA6872345	1	2937																						
SAMEA6872346	1	2937																						
SAMEA6872347	2	2937	1166.0																					
SAMEA6872348	1	2937																						
SAMEA6872349	2	2937	1144.0																					
SAMEA6872350	2	2937	2937.0																					
SAMEA6872351	1	2937																						
SAMEA6872353	4	2937	1344.0	1171.0	1144.0																			
SAMEA6872355	2	2937	1274.0																					
SAMEA6872356	3	2937	1207.0	1233.0																				
SAMEA6872357	2	2937	1042.0																					
SAMEA6872359	4	2937	1392.0	1345.0	1270.0																			
SAMEA6872360	2	2937	1296.0																					
SAMEA7490240	1	2937																						
SAMEA7490241	1	2937																						
SAMEA7490242	1	2937																						
SAMEA757061	2	2937	2937.0																					
SAMEA757065	2	2937	2937.0																					
SAMEA757067	2	2937	2937.0																					
SAMEA757069	2	2937	2937.0																					
SAMEA767918	1	2937																						
SAMEA767919	1	2937																						
SAMEA767920	1	2937																						
SAMEA767921	2	2937	2937.0																					
SAMEA767922	2	2937	2937.0																					
SAMEA767923	1	2937																						
SAMEA767924	2	2937	2937.0																					
SAMEA767925	1	2937																						
SAMEA767926	1	2937																						
SAMEA767929	1	2937																						
SAMEA767930	1	2937																						
SAMEA767931	1	2937																						
SAMEA767932	1	2937																						
SAMEA767934	1	2937																						
SAMEA767935	1	2937																						
SAMEA767936	1	2937																						
SAMEA767937	1	2937																						
SAMEA767948	1	2937																						
SAMEA767949	1	2937																						
SAMEA893005	1	2937																						
SAMEA893006	2	2937	2937.0																					
SAMEA893007	2	2937	2937.0																					
SAMEA893008	2	2937	2937.0																					
SAMEA893009	2	2937	2937.0																					
SAMEA893010	2	2937	2937.0																					
SAMEA893011	2	2937	2937.0																					
SAMEA893012	2	2937	2937.0																					
SAMEA893014	1	2937																						
SAMEA893015	1	2937																						
SAMEA893016	2	2937	2937.0																					
SAMEA893018	2	2937	2937.0																					
SAMEA893019	1	2937																						
SAMEA893024	1	2937																						
SAMEA893025	2	2937	2937.0																					
SAMEA893026	1	2937																						
SAMEA893027	2	2937	2937.0																					
SAMEA893028	2	2937	2937.0																					
SAMEA893029	2	2937	2937.0																					
SAMEA893030	1	2937																						
SAMEA893031	2	2937	2937.0																					
SAMEA893032	2	2937	2937.0																					
SAMEA893033	1	2937																						
SAMEA893034	2	2937	2937.0																					
SAMEA893035	1	2937																						
SAMEA893036	1	2937																						
SAMEA893037	1	2937																						
SAMEA893040	2	2937	2937.0																					
SAMEA893041	1	2937																						
SAMEA893048	2	2937	2937.0																					
SAMEA893049	2	2937	2937.0																					
SAMEA893050	1	2937																						
SAMEA893051	2	2937	2937.0																					
SAMEA893052	2	2937	2937.0																					
SAMEA893053	2	2937	2937.0																					
SAMEA893054	2	2937	2937.0																					
SAMEA893055	2	2937	2937.0																					
SAMEA893056	2	2937	2937.0																					
SAMEA893057	1	2937																						
SAMEA893058	2	2937	2937.0																					
SAMEA893059	1	2937																						
SAMEA893060	2	2937	2937.0																					
SAMEA893061	2	2937	2937.0																					
SAMEA893062	1	2937																						
SAMEA893063	1	2937																						
SAMEA893064	2	2937	2937.0																					
SAMEA893070	1	2937																						
SAMEA893072	2	2937	2937.0																					
SAMEA901497	1	2937																						
SAMEA901498	2	2937	2937.0																					
SAMEA901499	1	2937																						
SAMEA901500	1	2937																						
SAMEA901501	2	2937	2937.0																					
SAMEA901502	1	2937																						
SAMEA91819168	2	2937	1369.0																					
SAMEA91829668	7	2937	1327.0	1423.0	1389.0	1232.0	1019.0	998.0																
SAMEA91838668	3	2027	965.0	1101.0																				
SAMEA91839418	17	2937	2152.0	1928.0	1341.0	1412.0	1201.0	1175.0	883.0	1179.0	1267.0	1166.0	928.0	1084.0	1018.0	965.0	952.0	929.0						
SAMEA91844668	3	2596	1176.0	1037.0																				
SAMEA91845418	1	2937																						
SAMEA91849168	4	2027	1329.0	1201.0	971.0																			
SAMEA91851418	2	2937	1170.0																					
SAMEA91852168	1	2937																						
SAMEA91852918	1	2592																						
SAMEA91853668	1	2937																						
SAMEA91854418	2	2596	1028.0																					
SAMEA91855168	11	2937	1363.0	1215.0	1474.0	1442.0	1343.0	1343.0	1277.0	1103.0	988.0	961.0												
SAMEA91866418	2	2937	2937.0																					
SAMEA91867168	5	2937	1455.0	1150.0	1148.0	1126.0																		
SAMEA91867918	9	2937	1572.0	1400.0	1400.0	1243.0	1345.0	1108.0	1106.0	940.0														
SAMEA91869418	16	962	2010.0	2142.0	1448.0	1502.0	1450.0	1402.0	1247.0	1290.0	1211.0	1217.0	1140.0	1044.0	993.0	981.0	965.0							
SAMEA91871668	1	2937																						
SAMEA91872418	10	2027	1580.0	1515.0	1468.0	1363.0	1336.0	965.0	1218.0	1215.0	959.0													
SAMEA91874668	2	2937	973.0																					
SAMEA91882168	21	2937	2879.0	1394.0	1896.0	1816.0	1421.0	1408.0	1587.0	1516.0	1423.0	1267.0	1258.0	1251.0	1411.0	1388.0	1248.0	1286.0	1213.0	1085.0	1022.0	934.0		
SAMEA91882918	9	2937	1408.0	1353.0	1377.0	1275.0	947.0	1263.0	1133.0	983.0														
SAMEA9664041	1	2937																						
SAMEA9664043	2	2937	2937.0																					
SAMEA9664044	1	2937																						
SAMEA9664045	1	2937																						
SAMEA9664046	1	2937																						
SAMEA9664047	3	2937	2937.0	1168.0																				
SAMEA9664049	1	2937																						
SAMEA9664050	1	2937																						
SAMEA9664051	2	2937	1229.0																					
SAMEA9664052	1	2937																						
SAMEA9664053	1	2937																						
SAMEA9664056	1	2937																						
SAMEA9664057	1	2937																						
SAMEA9664059	2	2937	2937.0																					
SAMEA9664060	1	2937																						
SAMEA9664061	1	2937																						
SAMEA9664062	2	2937	1264.0																					
SAMEA9664063	1	2937																						
SAMEA9664065	2	2937	2937.0																					
SAMEA9664066	1	2937																						
SAMEA9664067	2	2937	2937.0																					
SAMEA9664068	2	2937	2937.0																					
SAMEA9664069	1	2937																						
SAMEA9664070	1	2937																						
SAMEA9664071	1	2937																						
SAMEA9664072	1	2937																						
SAMEA9664073	2	2937	2937.0																					
SAMEA9664074	1	2937																						
SAMEA9664075	1	2937																						
SAMEA9664076	1	2937																						
SAMEA9664078	2	2937	2937.0																					
SAMEA9664079	1	2937																						
SAMEA9664080	1	2937																						
SAMEA9664081	1	2937																						
SAMEA9664082	1	2937																						
SAMEA9664083	1	2937																						
SAMEA9664084	2	2937	1153.0																					
SAMEA9664085	1	2937																						
SAMEA9664086	1	2937																						
SAMEA9664087	1	2937																						
SAMEA9664088	2	2937	2937.0																					
SAMEA9664089	1	2937																						
SAMEA9664090	1	2937																						
SAMEA9664092	1	2937																						
SAMEA9664094	1	2937																						
SAMEA9664095	1	2937																						
SAMEA9664098	1	2937																						
SAMEA9664099	1	2937																						
SAMEA9664100	1	2937																						
SAMEA9664101	1	2937																						
SAMEA9664102	1	2937																						
SAMEA9664103	1	2937																						
SAMEA9664105	1	2937																						
SAMEA9664107	1	2937																						
SAMEA9664108	1	2937																						
SAMEA9664109	1	2937																						
SAMEA9664110	1	2937																						
SAMEA9664111	1	2937																						
SAMEA9664112	1	2937																						
SAMEA9664113	2	2937	2937.0																					
SAMEA9664115	2	2937	2937.0																					
SAMEA9664116	3	2937	2937.0	1104.0																				
SAMEA9664117	1	2937																						
SAMEA9664118	1	2937																						
SAMEA9664119	1	2937																						
SAMEA9664120	1	2937																						
SAMEA9664121	1	2937																						
SAMEA9664122	2	2937	2937.0																					
SAMEA9664124	2	2937	2937.0																					
SAMEA9664125	1	2937																						
SAMEA9664126	2	2937	2937.0																					
SAMN04158385	2	2937	2937.0																					
SAMN04158386	2	2937	2937.0																					
SAMN04158387	2	2937	2937.0																					
SAMN04158388	2	2937	2937.0																					
SAMN04565659	2	2937	2937.0																					
SAMN04565660	1	2937																						
SAMN04565661	2	2937	2937.0																					
SAMN04590078	1	2937																						
SAMN04590085	1	2937																						
SAMN04590087	1	2937																						
SAMN04590091	2	2937	2937.0																					
SAMN19921422	2	2937	2937.0																					
SAMN19921423	2	2937	2937.0																					
SAMN30144125	1	2035																						
SAMN30144136	1	2035																						
SAMN33261881	1	2035																						
SAMN33261882	1	2035																						
SAMN33261883	1	2035																						
SAMN33293795	1	2035																						
SAMN33293796	1	2035																						
SAMN35676961	1	2035																						
